operacao,data,Atendentes,Falando,Ocioso,A - Improdutiva,Receptivo,A - Alô sem CPC,A - Alô com CPC negativo,A - Alô com CPC positivo,R - Improdutiva,R - Alô sem CPC,R - Alô com CPC negativo,R - Alô com CPC positivo,TotalPositivo,TotalProdutiva,PositivoPorPA,PositivoPorTempoLogado
C6,2021-03-19,0,0.0000000,0.0000000,1,0,0,0,0,0,0,0,0,0,0,0,0.000000000000000
C6,2021-03-20,0,0.0000000,0.0000000,1,0,0,0,0,0,0,0,0,0,0,0,0.000000000000000
C6,2021-03-23,0,0.0000000,0.0000000,1,0,0,0,0,0,0,0,0,0,0,0,0.000000000000000
C6,2021-03-25,0,0.0000000,0.0000000,0,0,0,0,1,0,0,0,0,1,1,0,0.000000000000000
CARTAO,2021-03-25,0,0.0000000,0.0000000,3,0,0,2,0,0,0,0,0,0,2,0,0.000000000000000
CARTAO,2021-03-27,0,0.0000000,0.0000000,2,0,1,1,1,0,0,0,0,1,3,0,0.000000000000000
C6,2021-03-31,0,0.0000000,0.0000000,1,0,0,0,0,0,0,0,0,0,0,0,0.000000000000000
C6,2021-04-05,0,0.0000000,0.0000000,1,0,0,1,0,0,0,0,0,0,1,0,0.000000000000000
C6,2021-04-08,0,0.0000000,0.0000000,1,0,0,0,0,0,0,0,0,0,0,0,0.000000000000000
C6,2021-04-14,0,0.0000000,0.0000000,3,0,0,0,0,0,0,0,0,0,0,0,0.000000000000000
C6,2021-04-15,0,0.0000000,0.0000000,2,0,0,0,0,0,0,0,0,0,0,0,0.000000000000000
C6,2021-04-16,0,0.0000000,0.0000000,2,0,1,0,0,0,0,0,0,0,1,0,0.000000000000000
CC,2021-05-24,0,0.0000000,0.0000000,0,0,0,5,0,0,0,0,0,0,5,0,0.000000000000000
CC,2021-05-25,0,0.0000000,0.0000000,0,0,0,1,0,0,0,0,0,0,1,0,0.000000000000000
CC,2021-05-26,0,0.0000000,0.0000000,0,0,0,19,0,0,0,0,0,0,19,0,0.000000000000000
CC,2021-05-27,0,0.0000000,0.0000000,0,0,0,11,0,0,0,0,0,0,11,0,0.000000000000000
CC,2021-05-28,0,0.0000000,0.0000000,0,0,0,12,0,0,0,0,0,0,12,0,0.000000000000000
CC,2021-05-31,0,0.0000000,0.0000000,1,0,0,12,0,0,0,0,0,0,12,0,0.000000000000000
CC,2021-06-01,0,0.0000000,0.0000000,0,0,0,18,0,0,0,0,0,0,18,0,0.000000000000000
CC,2021-06-02,0,0.0000000,0.0000000,0,0,0,7,0,0,0,0,0,0,7,0,0.000000000000000
CC,2021-06-04,0,0.0000000,0.0000000,0,0,0,13,0,0,0,0,0,0,13,0,0.000000000000000
CC,2021-06-07,0,0.0000000,0.0000000,0,0,0,1,0,0,0,0,0,0,1,0,0.000000000000000
CC,2021-06-08,0,0.0000000,0.0000000,0,0,0,4,0,0,0,0,0,0,4,0,0.000000000000000
CC,2021-06-10,0,0.0000000,0.0000000,0,0,0,2,0,0,0,0,0,0,2,0,0.000000000000000
C6,2021-06-14,0,0.0000000,0.0000000,1,0,0,0,0,0,0,0,0,0,0,0,0.000000000000000
CC,2021-06-14,0,0.0000000,0.0000000,2,0,0,7,0,0,0,0,0,0,7,0,0.000000000000000
VEICULOS,2021-06-16,0,0.0000000,0.0000000,1,0,0,0,0,0,0,0,0,0,0,0,0.000000000000000
CARTAO,2021-07-14,0,0.0000000,0.0000000,1,0,0,0,0,0,0,0,0,0,0,0,0.000000000000000
CARTAO,2021-07-15,0,0.0000000,0.0000000,1,0,0,0,3,0,0,0,0,3,3,0,0.000000000000000
CONSIG,2021-07-15,0,0.0000000,0.0000000,1,0,0,0,0,0,0,0,0,0,0,0,0.000000000000000
CARTAO,2021-07-16,0,0.0000000,0.0000000,0,0,0,0,1,0,0,0,0,1,1,0,0.000000000000000
CARTAO,2021-07-17,0,0.0000000,0.0000000,4,0,1,3,0,0,0,0,0,0,4,0,0.000000000000000
CONSIG,2021-07-17,0,0.0000000,0.0000000,14,0,4,0,0,0,0,0,0,0,4,0,0.000000000000000
CARTAO,2021-07-19,0,0.0000000,0.0000000,8,0,0,2,7,0,0,0,0,7,9,0,0.000000000000000
CONSIG,2021-07-19,0,0.0000000,0.0000000,10,0,5,0,0,0,0,0,0,0,5,0,0.000000000000000
VEICULOS,2021-07-19,0,0.0000000,0.0000000,0,0,1,0,0,0,0,0,0,0,1,0,0.000000000000000
CONSIG,2021-07-20,16,72.0425000,3.9386111,52,474,25,1,0,34,3,54,315,315,398,19,4.145767222847784
VEICULOS,2021-07-20,21,29.2333333,0.2241666,0,546,19,1,0,0,0,0,0,0,20,0,0.000000000000000
CARTAO,2021-07-20,5,8.1072222,4.1461111,32,0,2,10,15,0,0,0,0,15,27,3,1.224156692056583
VEICULOS,2021-07-21,19,31.5202777,2.1594444,40,465,169,6,255,0,0,0,0,255,430,13,7.571321352280881
CARTAO,2021-07-21,5,14.5369444,2.9613888,120,84,10,47,172,6,2,1,40,212,272,42,12.115439565672921
CONSIG,2021-07-21,17,75.7163888,3.3758333,184,467,64,4,586,39,2,27,308,894,991,52,11.303260609977101
CARTAO,2021-07-22,5,9.8575000,3.1608333,69,36,11,49,120,5,0,0,17,137,197,27,10.523620535142747
CONSIG,2021-07-22,15,61.0266666,5.8869444,165,432,48,1,403,40,2,27,290,693,771,46,10.356637289373944
VEICULOS,2021-07-22,20,42.0350000,0.0002777,26,538,116,40,348,0,0,0,0,348,504,17,8.278760564869455
C6,2021-07-23,0,0.0000000,0.0000000,0,1,0,0,0,0,0,0,0,0,0,0,0.000000000000000
CARTAO,2021-07-23,3,0.3108333,1.0091666,5,11,0,0,2,0,0,0,2,4,4,1,3.030303030303030
VEICULOS,2021-07-23,18,42.6866666,0.0008333,24,409,105,50,346,0,0,0,0,346,501,19,8.105417276720351
CONSIG,2021-07-23,15,57.5683333,3.8975000,90,736,29,2,268,56,0,29,353,621,681,41,10.103173849970851
VEICULOS,2021-07-24,23,70.3469444,0.3236111,32,645,405,58,417,0,0,0,0,417,880,18,5.900618676645153
CARTAO,2021-07-24,2,0.2055555,0.0605555,0,5,0,1,0,1,0,0,1,1,2,0,3.757828810020877
CONSIG,2021-07-24,11,41.1888888,11.1788888,167,55,78,2,542,8,0,3,33,575,658,52,10.980034372281513
CARTAO,2021-07-26,1,0.0472222,0.0000000,0,7,0,0,0,1,0,0,0,0,0,0,0.000000000000000
CONSIG,2021-07-26,16,73.7588888,3.4463888,161,449,60,4,582,38,4,35,313,895,998,55,11.592471729408251
VEICULOS,2021-07-26,25,50.4675000,3.8552777,106,476,225,61,578,0,0,0,0,578,864,23,10.640103905666745
CONSIG,2021-07-27,18,79.7411111,3.2069444,191,515,59,4,624,41,1,35,352,976,1075,54,11.766399989283789
C6,2021-07-27,1,0.5402777,0.8052777,36,26,0,0,3,0,0,0,0,3,3,3,2.229562345169282
CARTAO,2021-07-27,3,0.4355555,0.1077777,7,1,0,3,4,0,0,0,0,4,7,1,7.361963190184049
VEICULOS,2021-07-27,24,46.8925000,0.3361111,20,221,178,22,483,0,0,0,0,483,683,20,10.226851661245831
CARTAO,2021-07-28,3,6.0447222,1.3147222,66,98,2,12,75,2,0,0,18,93,107,31,12.636823431720390
CONSIG,2021-07-28,15,71.4188888,3.2425000,178,402,59,4,609,29,2,24,287,896,985,59,12.000848274245575
VEICULOS,2021-07-28,27,80.1175000,3.0327777,122,691,236,30,670,0,0,0,0,670,936,24,8.057700081178322
CONSIG,2021-07-29,17,73.0033333,4.3538888,165,366,63,8,670,30,1,24,262,932,1028,54,12.048002413047694
VEICULOS,2021-07-29,25,41.8788888,2.5383333,55,198,97,39,523,0,0,0,0,523,659,20,11.774712011106803
CARTAO,2021-07-29,3,6.6375000,1.9480555,49,141,5,21,73,1,0,0,24,97,123,32,11.298045813381649
CARTAO,2021-07-30,4,5.9252777,0.8275000,8,90,2,16,65,6,0,0,23,88,106,22,13.031674208144796
CONSIG,2021-07-30,17,68.3138888,4.8491666,196,323,67,2,674,30,1,18,226,900,988,52,12.301290496493753
VEICULOS,2021-07-30,18,40.8463888,0.0013888,23,228,55,41,425,0,0,0,0,425,521,23,10.404482768000435
VEICULOS,2021-07-31,11,27.9708333,0.0005555,2,84,56,38,259,0,0,0,0,259,353,23,9.259461552975759
CARTAO,2021-07-31,3,3.1163888,1.2133333,37,6,1,12,49,0,0,0,3,52,65,17,12.010008340283570
CONSIG,2021-07-31,13,38.6955555,19.6100000,210,35,64,3,501,6,0,3,23,524,594,40,8.987136731777037
CARTAO,2021-08-02,4,10.4491666,2.2863888,116,3,7,46,149,1,0,0,2,151,204,37,11.856569534112720
VEICULOS,2021-08-02,17,30.0363888,4.3308333,83,69,139,58,314,0,0,0,0,314,511,18,9.136612728536558
CONSIG,2021-08-02,15,58.9775000,9.2566666,157,222,65,3,578,18,0,19,157,735,822,49,10.771729705304039
VEICULOS,2021-08-03,25,38.5402777,4.9086111,90,162,149,58,549,0,0,0,0,549,756,21,12.635536006546645
CONSIG,2021-08-03,15,66.1977777,3.3297222,167,320,55,4,591,21,1,29,223,814,903,54,11.707597713135090
CARTAO,2021-08-03,6,13.1811111,5.0997222,87,0,7,57,203,0,0,0,0,203,267,33,11.104526598896841
CARTAO,2021-08-04,6,8.6472222,4.9841666,43,105,4,19,75,10,2,2,49,124,151,20,9.096651926721415
C6,2021-08-04,1,0.1116666,1.8219444,16,14,0,0,5,0,0,0,0,5,5,5,2.585835368481540
CONSIG,2021-08-04,15,62.4133333,4.0761111,180,315,55,5,591,26,2,30,210,801,893,53,12.047025008146657
VEICULOS,2021-08-04,24,44.2908333,1.0216666,18,317,127,34,616,0,0,0,0,616,777,25,13.594482758620690
CARTAO,2021-08-05,6,10.3019444,4.3797222,42,90,4,28,105,7,0,2,49,154,188,25,10.489272335111817
C6,2021-08-05,1,0.2144444,0.5838888,0,2,0,0,1,0,0,0,0,1,1,1,1.252609603340292
CONSIG,2021-08-05,15,65.1977777,3.9844444,167,285,62,8,620,25,1,25,181,801,897,53,11.578118977258127
VEICULOS,2021-08-05,22,34.6683333,0.0002777,16,194,68,47,527,0,0,0,0,527,642,23,15.201070452779091
CARTAO,2021-08-06,5,8.5813888,3.2072222,33,82,2,30,81,7,2,2,31,112,148,22,9.500695115342020
C6,2021-08-06,0,0.0000000,0.0000000,0,0,3,0,0,0,0,0,0,0,3,0,0.000000000000000
CONSIG,2021-08-06,16,65.6313888,4.1483333,158,356,64,5,576,33,1,16,234,810,896,50,11.607956784643740
VEICULOS,2021-08-06,19,35.3841666,2.5516666,56,294,158,55,545,0,0,0,0,545,758,28,14.366364255431320
VEICULOS,2021-08-07,23,37.6997222,0.0002777,14,256,27,0,553,0,0,0,0,553,580,24,14.668435013262599
CARTAO,2021-08-07,4,5.6727777,1.8763888,29,106,1,15,33,4,3,1,41,74,94,18,9.802406446627663
CONSIG,2021-08-07,13,40.8055555,12.2341666,199,40,102,2,513,4,0,3,28,541,648,41,10.199902588730668
VEICULOS,2021-08-09,17,33.9950000,1.8861111,48,352,102,58,492,0,0,0,0,492,652,28,13.711949958195275
CONSIG,2021-08-09,15,64.1752777,5.9536111,194,306,92,4,604,21,1,29,207,811,937,54,11.564421065973763
C6,2021-08-09,1,0.0911111,0.0122222,0,1,0,0,1,0,0,0,0,1,1,1,9.677419354838710
CARTAO,2021-08-09,5,2.7741666,2.5661111,35,7,2,12,33,0,0,0,2,35,49,7,6.553966189856957
VEICULOS,2021-08-10,17,35.8880555,1.4875000,115,375,195,63,364,0,0,0,0,364,622,21,9.738985670967358
C6,2021-08-10,1,0.2427777,2.0986111,0,5,0,1,3,0,0,0,0,3,4,3,1.281290781824653
CARTAO,2021-08-10,6,8.5211111,5.9277777,67,3,6,37,137,0,0,0,1,138,181,23,9.550907413103660
CONSIG,2021-08-10,16,63.5888888,4.8255555,177,331,71,3,528,29,2,29,208,736,841,46,10.757962093774869
CARTAO,2021-08-11,5,9.4208333,5.0980555,58,122,4,30,77,8,1,1,50,127,163,25,8.747225836075610
CONSIG,2021-08-11,13,57.3594444,3.9141666,160,300,42,2,459,18,0,17,226,685,746,52,11.179363964004805
C6,2021-08-11,1,0.3541666,3.6025000,1,4,2,1,3,0,0,0,0,3,6,3,0.758213984835720
VEICULOS,2021-08-11,19,44.1533333,0.0002777,56,330,267,64,581,0,0,0,0,581,912,30,13.158606632149126
CARTAO,2021-08-12,5,4.0894444,5.2330555,49,12,2,22,54,2,0,1,6,60,85,12,6.436041834271923
CONSIG,2021-08-12,15,58.5341666,10.1652777,254,71,85,7,685,5,0,15,41,726,833,48,10.567771047800807
C6,2021-08-12,1,0.2316666,1.4027777,1,5,1,0,2,0,0,0,0,2,3,2,1.223657375934738
VEICULOS,2021-08-12,22,54.2997222,2.4738888,102,631,421,58,409,0,0,0,0,409,888,18,7.204051177924016
C6,2021-08-13,1,0.1600000,0.6825000,0,2,0,0,2,0,0,0,0,2,2,2,2.373887240356083
CONSIG,2021-08-13,16,58.7211111,9.1616666,258,35,88,4,752,2,0,4,21,773,869,48,11.387277087135503
VEICULOS,2021-08-13,10,10.5136111,0.0000000,13,58,226,3,383,0,0,0,0,383,612,38,36.428967740230918
CARTAO,2021-08-13,4,3.1813888,4.8738888,38,1,5,10,45,0,0,0,1,46,61,11,5.710541742818718
CONSIG,2021-08-14,12,39.3816666,12.0477777,244,1,83,4,520,0,0,0,1,521,608,43,10.130383589167468
VEICULOS,2021-08-14,23,88.5688888,0.0013888,75,1274,312,160,291,0,0,0,0,291,763,12,3.285526559260851
CARTAO,2021-08-14,3,2.4733333,2.0022222,28,0,2,9,36,0,0,0,0,36,47,12,8.043694141012910
CARTAO,2021-08-16,4,3.2677777,3.9038888,54,5,2,18,43,0,0,0,0,43,63,10,5.995816871949802
VEICULOS,2021-08-16,17,17.4397222,0.0002777,18,329,51,23,127,0,0,0,0,127,201,7,7.282110091743119
C6,2021-08-16,1,0.3100000,3.3288888,2,8,0,0,5,0,0,0,0,5,5,5,1.374045801526718
CONSIG,2021-08-16,16,58.0333333,12.4041666,283,31,100,6,795,2,1,12,9,804,923,50,11.414374445430346
C6,2021-08-17,1,0.0558333,0.6063888,0,7,0,0,1,0,0,0,0,1,1,1,1.510067114093960
VEICULOS,2021-08-17,30,82.4502777,4.2800000,192,1079,338,87,775,0,0,0,0,775,1200,25,8.935749081603567
CARTAO,2021-08-17,5,1.3633333,3.0241666,22,2,1,12,18,0,0,0,2,20,33,4,4.558404558404558
CONSIG,2021-08-17,15,54.6483333,12.6325000,247,32,103,2,769,8,1,3,14,783,892,52,11.637786888291614
C6,2021-08-18,1,0.2538888,1.0036111,1,4,0,0,3,0,0,0,0,3,3,3,2.385685884691849
CARTAO,2021-08-18,5,2.5794444,1.8202777,10,87,1,8,12,4,0,0,24,36,45,7,8.182334743355010
CONSIG,2021-08-18,15,55.9669444,2.1452777,56,1480,14,2,123,76,0,31,425,548,595,36,9.430030018546490
VEICULOS,2021-08-18,19,57.4300000,0.0008333,73,674,266,67,500,0,0,0,0,500,833,26,8.706124758767793
CONSIG,2021-08-19,15,62.5230555,6.5222222,107,571,39,3,393,47,0,27,333,726,795,48,10.514839296274989
CARTAO,2021-08-19,5,7.7133333,3.3425000,47,89,9,19,79,11,0,0,27,106,134,21,9.587698801537650
C6,2021-08-19,1,0.1516666,0.0980555,0,1,0,0,1,0,0,0,0,1,1,1,4.004449388209121
VEICULOS,2021-08-19,25,48.4658333,0.0011111,87,925,414,71,559,0,0,0,0,559,1044,22,11.533634034651337
VEICULOS,2021-08-20,14,21.9380555,0.0000000,37,619,117,37,444,0,0,0,0,444,598,31,20.238803702343720
CARTAO,2021-08-20,4,5.0183333,2.6452777,36,84,4,17,26,4,0,3,32,58,82,14,7.568233716336221
CONSIG,2021-08-20,16,67.4597222,7.9938888,181,411,55,4,525,36,2,27,272,797,885,49,10.562781399903546
CARTAO,2021-08-21,4,4.9863888,0.9013888,14,169,1,2,23,9,1,2,45,68,74,17,11.549348933761087
CONSIG,2021-08-21,12,39.0163888,16.9497222,145,38,61,3,526,7,0,9,19,545,618,45,9.738035914591171
VEICULOS,2021-08-21,14,32.1608333,0.0008333,28,595,321,41,405,0,0,0,0,405,767,28,12.592630978908639
CARTAO,2021-08-23,5,3.5680555,3.9186111,39,14,5,17,36,1,1,1,5,41,65,8,5.476402493321460
CONSIG,2021-08-23,15,58.7880555,9.3250000,166,343,46,3,485,23,2,29,236,721,801,48,10.585342180280335
VEICULOS,2021-08-23,21,39.2397222,0.0000000,77,562,386,48,574,0,0,0,0,574,1008,27,14.628034234017400
C6,2021-08-23,1,0.1630555,3.0261111,3,6,0,0,2,0,0,0,0,2,2,2,0.627123072903057
CARTAO,2021-08-24,5,5.8530555,6.9394444,43,2,3,19,102,0,0,0,2,104,126,20,8.129763533320305
VEICULOS,2021-08-24,31,71.5708333,0.6913888,102,906,335,70,606,0,0,0,0,606,1011,19,8.386124607909466
CONSIG,2021-08-24,16,72.1202777,6.1683333,217,376,64,3,671,32,0,37,234,905,1009,56,11.559791228325391
C6,2021-08-24,1,0.0533333,3.8708333,8,16,0,1,0,0,0,0,0,0,1,0,0.000000000000000
VEICULOS,2021-08-25,25,59.3691666,0.0027777,80,969,317,97,638,0,0,0,0,638,1052,25,10.745816158960227
CARTAO,2021-08-25,5,13.3747222,3.9613888,71,155,5,46,103,14,0,5,76,179,235,35,10.325268386476526
CONSIG,2021-08-25,16,70.5683333,5.1991666,186,357,58,7,584,31,6,37,236,820,928,51,10.822582241726334
C6,2021-08-25,1,0.0236111,0.4019444,0,7,0,2,0,0,0,0,0,0,2,0,0.000000000000000
VEICULOS,2021-08-26,27,85.1555555,0.0016666,57,825,271,67,581,0,0,0,0,581,919,21,6.822674399639882
CARTAO,2021-08-26,5,3.7558333,7.8369444,37,10,0,33,40,2,1,0,3,43,77,8,3.709205923228063
C6,2021-08-26,0,0.0000000,0.0000000,0,4,0,0,0,0,0,0,0,0,0,0,0.000000000000000
CONSIG,2021-08-26,16,71.5238888,6.1058333,178,348,80,2,654,33,4,29,236,890,1005,55,11.464680982012187
CARTAO,2021-08-27,4,8.0986111,3.7388888,98,8,5,31,135,1,0,0,4,139,175,34,11.742344244984160
VEICULOS,2021-08-27,22,74.3205555,0.0016666,74,802,347,41,532,0,0,0,0,532,920,24,7.158020630886530
CONSIG,2021-08-27,16,69.5194444,6.3966666,177,321,45,5,692,19,2,33,221,913,998,57,12.026432685200770
CARTAO,2021-08-28,3,5.6380555,1.1858333,20,127,5,18,38,5,1,2,38,76,102,25,11.137344296995848
CONSIG,2021-08-28,11,35.6508333,8.7527777,152,36,56,2,461,3,0,3,21,482,543,43,10.854973006449676
VEICULOS,2021-08-28,14,25.1847222,0.0013888,31,329,312,5,253,0,0,0,0,253,570,18,10.045218925774788
CARTAO,2021-08-30,5,1.4227777,1.1613888,13,16,0,9,15,0,0,0,5,20,29,4,7.739438890680426
CONSIG,2021-08-30,16,65.2250000,6.6377777,160,380,51,5,558,25,1,34,265,823,914,51,11.452382240844820
VEICULOS,2021-08-30,23,75.7938888,0.0016666,62,418,611,38,361,0,0,0,0,361,1010,15,4.762812243461944
CONSIG,2021-08-31,16,62.5908333,6.2891666,139,338,34,4,589,23,1,35,222,811,885,50,11.774099883855981
CARTAO,2021-08-31,3,2.9994444,0.9802777,35,4,1,8,49,0,0,0,2,51,60,17,12.814964751867104
VEICULOS,2021-08-31,25,94.0133333,0.0027777,100,1215,598,70,601,0,0,0,0,601,1269,24,6.392521376359844
CARTAO,2021-09-01,5,16.5991666,2.4016666,84,188,3,21,175,10,0,3,97,272,299,54,14.315161615718609
CONSIG,2021-09-01,17,61.3561111,4.6072222,128,320,47,4,530,18,5,30,211,741,827,43,11.233513568143918
VEICULOS,2021-09-01,30,99.6238888,0.0038888,111,542,871,86,472,0,0,0,0,472,1429,15,4.737634528522835
CONSIG,2021-09-02,17,59.5019444,5.0463888,145,320,41,2,504,27,2,32,196,700,777,41,10.844586743783728
VEICULOS,2021-09-02,29,98.4047222,0.0044444,123,542,912,82,444,0,0,0,0,444,1438,15,4.511774817725314
CARTAO,2021-09-02,5,17.4852777,1.8197222,34,429,2,19,75,18,2,2,178,253,278,50,13.105413105413105
VEICULOS,2021-09-03,21,101.7877777,0.0025000,67,377,433,85,410,0,0,0,0,410,928,19,4.027889587796259
CONSIG,2021-09-03,16,62.9786111,6.9652777,157,312,69,9,575,26,0,28,216,791,897,49,11.309065203059595
CARTAO,2021-09-03,4,11.5716666,1.7647222,40,207,0,30,102,11,1,1,71,173,205,43,12.972027243756639
CARTAO,2021-09-04,3,0.6783333,0.3958333,5,44,0,3,7,2,0,0,1,8,11,2,7.447633824670287
CONSIG,2021-09-04,11,35.1252777,6.7327777,143,60,51,3,463,6,1,4,13,476,535,43,11.371765689599108
VEICULOS,2021-09-04,18,39.3313888,0.0005555,43,402,294,4,231,0,0,0,0,231,529,12,5.873088739009146
VEICULOS,2021-09-06,25,53.8238888,0.0030555,92,317,714,57,330,0,0,0,0,330,1101,13,6.130758552356575
CARTAO,2021-09-06,3,5.2200000,1.2402777,33,18,3,38,77,0,0,0,4,81,122,27,12.538160553811756
CONSIG,2021-09-06,17,63.8602777,8.5563888,175,349,60,3,635,24,2,37,169,804,906,47,11.102416570771001
CONSIG,2021-09-07,7,8.5377777,8.5883333,23,61,8,1,53,5,1,7,37,90,107,12,5.255133486878386
VEICULOS,2021-09-07,6,14.5633333,0.0011111,30,288,146,4,104,0,0,0,0,104,254,17,7.140677448886176
CARTAO,2021-09-07,2,5.2711111,2.4975000,8,316,0,10,34,3,0,1,39,73,84,36,9.396789072835842
CONSIG,2021-09-08,15,57.3291666,10.6047222,155,206,67,4,594,13,0,22,147,741,834,49,10.907663496373108
VEICULOS,2021-09-08,29,177.9500000,2.9352777,161,632,604,89,529,0,0,0,0,529,1222,18,2.924505556775550
CARTAO,2021-09-08,5,12.8616666,4.0755555,93,61,11,49,152,3,0,0,35,187,247,37,11.040771476366976
CARTAO,2021-09-09,3,8.9036111,3.9280555,103,11,5,36,127,1,0,0,3,130,171,43,10.131185868294584
CONSIG,2021-09-09,16,56.7877777,11.3069444,204,192,67,0,616,16,0,25,129,745,837,46,10.940642324213412
VEICULOS,2021-09-09,27,82.3422222,6.9236111,218,779,527,90,840,0,0,0,0,840,1457,31,9.410095314556708
CARTAO,2021-09-10,5,12.6888888,6.2538888,74,176,5,41,92,16,2,2,67,159,209,31,8.393700325541837
CONSIG,2021-09-10,16,65.5816666,7.4544444,224,242,73,5,685,20,1,35,154,839,953,52,11.487468147415662
VEICULOS,2021-09-10,22,66.9222222,2.7838888,143,1408,380,44,660,0,0,0,0,660,1084,30,9.468323357588606
CARTAO,2021-09-11,4,2.9597222,6.5000000,20,40,1,12,23,4,0,0,15,38,51,9,4.017031272940831
CONSIG,2021-09-11,10,27.5150000,13.6150000,169,15,48,2,355,2,0,1,11,366,417,36,8.898614150255288
VEICULOS,2021-09-11,16,48.4472222,0.0005555,54,265,225,37,256,0,0,0,0,256,518,16,5.284040088984703
VEICULOS,2021-09-13,29,138.2627777,3.1125000,135,992,576,59,480,0,0,0,0,480,1115,16,3.395218793164764
CONSIG,2021-09-13,14,57.2661111,4.9869444,108,319,50,6,498,37,1,43,182,680,780,48,10.923158613365698
CARTAO,2021-09-13,5,1.8252777,4.4866666,26,14,1,13,13,3,0,0,6,19,33,3,3.010165911191304
CONSIG,2021-09-14,16,67.3958333,6.2797222,181,273,65,2,710,13,2,33,191,901,1003,56,12.229293599565663
VEICULOS,2021-09-14,30,63.0497222,8.1402777,162,105,530,110,303,0,0,0,0,303,943,10,4.256215760640539
CARTAO,2021-09-14,3,7.0963888,0.9775000,26,285,0,7,26,14,2,1,51,77,87,25,9.536915984311567
CARTAO,2021-09-15,5,7.9500000,6.0658333,95,30,6,24,96,0,0,0,18,114,144,22,8.133658362566145
CONSIG,2021-09-15,17,72.3675000,7.1611111,178,298,67,3,775,27,1,35,185,960,1066,56,12.071127441905953
VEICULOS,2021-09-15,31,160.0761111,0.0041666,145,1580,809,36,646,0,0,0,0,646,1491,20,4.035475256338400
CARTAO,2021-09-16,5,7.5905555,7.2900000,59,56,2,27,81,4,2,1,24,105,137,21,7.056188165017734
VEICULOS,2021-09-16,31,79.0638888,9.9830555,231,698,462,42,688,0,0,0,0,688,1192,22,7.726261740842065
CONSIG,2021-09-16,16,56.0363888,3.5033333,128,496,40,3,386,27,0,26,278,664,733,41,11.152218640216849
CARTAO,2021-09-17,4,8.5622222,3.7630555,78,166,4,21,70,7,0,1,55,125,151,31,10.141759257172477
CONSIG,2021-09-17,16,61.9455555,5.3480555,182,394,45,5,571,38,0,44,219,790,884,49,11.739598855760618
VEICULOS,2021-09-17,29,111.6369444,8.8211111,270,322,688,109,480,0,0,0,0,480,1277,16,3.984789541772263
CARTAO,2021-09-18,5,7.3227777,3.3663888,55,88,3,20,67,5,1,2,31,98,124,19,9.168160910579247
CONSIG,2021-09-18,12,31.6319444,19.1625000,222,35,40,2,409,12,1,4,15,424,471,35,8.347369572350432
VEICULOS,2021-09-18,12,47.6583333,0.0022222,30,453,341,59,210,0,0,0,0,210,610,17,4.406159297812074
CARTAO,2021-09-20,5,2.4005555,4.7961111,24,6,4,23,24,2,0,0,3,27,54,5,3.751736915238536
CONSIG,2021-09-20,15,60.8947222,6.7119444,166,275,63,6,586,24,4,28,189,775,876,51,11.463366531900207
VEICULOS,2021-09-20,28,97.5791666,9.1272222,228,482,518,121,736,0,0,0,0,736,1375,26,6.897431425276525
CONSIG,2021-09-21,16,59.5238888,6.7419444,169,282,50,6,617,23,3,23,153,770,852,48,11.619864434914926
VEICULOS,2021-09-21,30,113.1400000,13.7936111,393,828,516,101,675,0,0,0,0,675,1292,22,5.317740463628187
CARTAO,2021-09-21,5,8.4205555,5.1938888,97,1,1,27,140,0,0,0,1,141,169,28,10.356647351668979
CONSIG,2021-09-22,16,65.3561111,6.4972222,194,296,80,4,646,24,0,33,195,841,958,52,11.704397847467063
VEICULOS,2021-09-22,30,79.8800000,14.9902777,269,576,463,62,678,0,0,0,0,678,1203,22,7.146600767714979
CARTAO,2021-09-22,8,17.1872222,3.0644444,90,204,3,35,136,18,3,0,89,225,266,28,11.110196691630318
VEICULOS,2021-09-23,30,101.3766666,10.4775000,189,543,477,85,666,0,0,0,0,666,1228,22,5.954181411808530
CARTAO,2021-09-23,8,19.3077777,6.5902777,86,187,7,71,146,9,2,2,90,236,318,29,9.112653245095621
CONSIG,2021-09-23,17,69.2694444,8.2286111,217,262,84,8,762,39,1,22,155,917,1032,53,11.832554938654375
CARTAO,2021-09-24,8,9.2900000,12.5788888,100,11,7,57,98,2,0,0,6,104,168,13,4.755614266842801
CONSIG,2021-09-24,17,64.5525000,10.9369444,251,80,111,7,929,7,0,7,43,972,1097,57,12.875972358166337
VEICULOS,2021-09-24,26,66.1938888,8.3000000,151,482,419,77,501,0,0,0,0,501,997,19,6.725383886821439
VEICULOS,2021-09-25,6,16.7830555,0.0036111,29,232,100,1,80,0,0,0,0,80,181,13,4.765687053216839
CONSIG,2021-09-25,13,18.5372222,6.5941666,102,8,27,2,246,0,0,2,1,247,278,19,9.828346578537243
CARTAO,2021-09-25,5,1.6733333,9.2227777,16,4,2,15,13,0,0,0,0,13,30,2,1.193086218324581
VEICULOS,2021-09-27,21,77.2466666,0.0011111,65,1073,230,39,336,0,0,0,0,336,605,16,4.349639687585403
CARTAO,2021-09-27,7,6.9763888,10.5747222,44,2,6,24,83,0,0,0,2,85,115,12,4.842998227399342
CONSIG,2021-09-27,16,51.9683333,20.1300000,260,33,91,8,781,6,0,7,18,799,905,49,11.082086964562288
VEICULOS,2021-09-28,25,68.0175000,0.0008333,35,1555,262,5,368,0,0,0,0,368,635,14,5.410306044938865
CONSIG,2021-09-28,16,62.8691666,13.8627777,265,11,108,3,1004,2,0,6,2,1006,1123,62,13.110576139880898
CARTAO,2021-09-28,7,4.6036111,9.0908333,34,1,1,22,69,1,0,0,0,69,92,9,5.038539553752535
CARTAO,2021-09-29,8,15.1755555,14.5055555,110,0,9,65,217,0,0,0,0,217,291,27,7.311047055740651
CONSIG,2021-09-29,16,60.6541666,16.7911111,286,13,79,5,945,4,0,1,8,953,1038,59,12.305462997170045
VEICULOS,2021-09-29,26,61.3111111,9.2050000,191,547,331,69,679,0,0,0,0,679,1079,26,9.629005191878924
CARTAO,2021-09-30,8,11.2941666,16.7619444,64,1,5,52,180,0,0,0,0,180,237,22,6.415714540306133
CONSIG,2021-09-30,15,53.5069444,13.9477777,264,13,94,3,860,6,0,3,4,864,964,57,12.808591771435160
VEICULOS,2021-09-30,26,82.8027777,15.9236111,345,617,407,87,627,0,0,0,0,627,1121,24,6.350885584457606
VEICULOS,2021-10-01,21,77.6691666,1.7469444,104,1057,340,81,445,0,0,0,0,445,866,21,5.603397015718893
CARTAO,2021-10-01,7,8.9097222,14.7341666,60,0,12,39,121,0,0,0,0,121,172,17,5.117601447402430
CONSIG,2021-10-01,15,53.8152777,8.3355555,238,14,101,7,801,2,0,7,4,805,920,53,12.952360520776069
VEICULOS,2021-10-02,14,45.8236111,0.0011111,24,538,328,9,206,0,0,0,0,206,543,14,4.495390042977772
CARTAO,2021-10-02,4,7.1475000,10.9752777,28,0,3,42,99,0,0,0,0,99,144,24,5.462738726587168
CONSIG,2021-10-02,11,21.8327777,18.5216666,141,5,34,1,288,0,0,0,4,292,327,26,7.235882045210496
CARTAO,2021-10-04,6,3.8138888,13.9811111,20,0,3,29,48,0,0,0,0,48,80,8,2.697386906434392
CONSIG,2021-10-04,14,37.5255555,22.9188888,203,4,63,6,573,1,0,1,2,575,645,41,9.512867647058824
VEICULOS,2021-10-04,31,89.0797222,16.5358333,266,1036,697,90,713,0,0,0,0,713,1500,23,6.750899488711680
CARTAO,2021-10-05,8,10.0625000,15.8386111,48,0,5,38,166,0,0,0,0,166,209,20,6.408991463257689
CONSIG,2021-10-05,15,51.5502777,21.7200000,243,5,88,11,801,3,0,2,0,801,902,53,10.932127245775724
VEICULOS,2021-10-05,31,83.4858333,19.3900000,318,408,498,107,628,0,0,0,0,628,1233,20,6.104446298531401
VEICULOS,2021-10-06,31,78.6683333,9.5613888,153,618,472,84,549,0,0,0,0,549,1105,17,6.222392932590743
CARTAO,2021-10-06,7,8.8833333,17.4000000,87,0,6,67,125,0,0,0,0,125,198,17,4.755865567533291
CONSIG,2021-10-06,15,53.9461111,19.0105555,244,5,100,5,821,0,0,3,2,823,931,54,11.280668890208800
CONSIG,2021-10-07,13,42.8597222,15.5555555,191,2,90,6,660,0,0,1,1,661,758,50,11.315532941819825
VEICULOS,2021-10-07,25,68.9794444,9.9041666,200,683,726,59,479,0,0,0,0,479,1264,19,6.072237227138435
CARTAO,2021-10-07,9,11.8736111,13.9419444,96,8,6,47,175,0,4,0,0,175,232,19,6.778858569338039
CARTAO,2021-10-08,8,5.0005555,19.5716666,33,0,3,38,70,0,0,0,0,70,111,8,2.848745195568619
CONSIG,2021-10-08,15,43.8616666,28.6163888,231,7,93,2,640,1,0,4,2,642,741,42,8.857853526546349
VEICULOS,2021-10-08,22,55.2525000,4.8238888,155,503,419,86,391,0,0,0,0,391,896,17,6.508380534042307
CARTAO,2021-10-09,5,6.7938888,10.8786111,29,0,6,31,107,0,0,0,0,107,144,21,6.054604611684821
CONSIG,2021-10-09,8,10.8780555,19.3000000,87,1,20,1,155,1,0,0,0,155,176,19,5.136182472547197
VEICULOS,2021-10-09,10,16.6044444,3.8455555,64,208,100,12,139,0,0,0,0,139,251,13,6.797066014669927
CARTAO,2021-10-11,8,5.1875000,16.1469444,40,1,5,46,67,1,0,0,0,67,118,8,3.140461434300297
CONSIG,2021-10-11,15,24.5938888,39.1980555,130,5,50,3,357,2,0,1,1,358,412,23,5.611993851539945
VEICULOS,2021-10-11,29,56.2750000,8.7291666,177,638,305,82,613,0,0,0,0,613,1000,21,9.430164733029934
CONSIG,2021-10-12,3,1.0433333,0.4000000,4,0,2,0,13,0,0,0,0,13,15,4,9.006928406466513
VEICULOS,2021-10-12,14,60.1769444,0.0000000,26,459,437,144,242,0,0,0,0,242,823,17,4.021473709477144
CARTAO,2021-10-12,5,9.3813888,7.9280555,64,0,6,58,148,0,0,0,0,148,212,29,8.550245530699361
CONSIG,2021-10-13,16,23.2725000,40.0761111,135,5,67,5,332,1,0,3,1,333,408,20,5.256626690929820
VEICULOS,2021-10-13,29,86.6502777,0.0030555,105,1373,768,20,486,0,0,0,0,486,1274,16,5.608555162332667
CARTAO,2021-10-13,8,5.4077777,15.7655555,44,0,9,38,78,0,0,0,0,78,125,9,3.683879093198992
CARTAO,2021-10-14,7,14.3705555,9.3666666,41,139,15,40,126,10,1,0,72,198,254,28,8.341329838275563
CONSIG,2021-10-14,15,37.4077777,25.6172222,156,40,57,2,549,1,0,8,25,574,641,38,9.107497024990083
VEICULOS,2021-10-14,32,93.3508333,2.8877777,178,908,1001,35,390,0,0,0,0,390,1426,12,4.052427559971021
CC,2021-10-14,2,7.9386111,0.0016666,100,0,13,119,21,0,0,0,0,21,153,10,2.644743746720308
CARTAO,2021-10-15,8,8.8822222,17.6094444,65,20,10,46,115,0,0,0,15,130,186,16,4.907203523120478
CC,2021-10-15,5,13.6788888,0.0005555,116,0,13,182,30,0,0,0,0,30,225,6,2.193071518498964
VEICULOS,2021-10-15,29,87.7444444,10.4436111,170,862,715,88,450,0,0,0,0,450,1253,15,4.583042178133231
CONSIG,2021-10-15,15,30.6083333,24.9594444,119,91,41,3,358,10,0,16,58,416,476,27,7.486353002339485
VEICULOS,2021-10-16,19,48.7452777,0.0013888,54,384,681,69,204,0,0,0,0,204,954,10,4.184901531728665
CARTAO,2021-10-16,6,5.8441666,11.9050000,15,60,4,21,42,10,1,0,28,70,96,11,3.943847128973191
CONSIG,2021-10-16,7,11.2711111,19.7150000,49,13,26,2,143,1,0,2,8,151,181,21,4.873151053339310
VEICULOS,2021-10-17,0,0.0000000,0.0000000,0,0,2,0,0,0,0,0,0,0,2,0,0.000000000000000
CARTAO,2021-10-18,8,4.7861111,16.2797222,34,6,10,20,63,0,0,0,4,67,97,8,3.180505557973021
CC,2021-10-18,2,7.4711111,0.0005555,62,0,4,117,8,0,0,0,0,8,129,4,1.070711577068927
CONSIG,2021-10-18,15,45.5908333,20.5330555,131,237,44,1,498,14,0,11,178,676,732,45,10.223234164825286
VEICULOS,2021-10-18,30,89.9872222,8.5263888,134,724,619,80,532,0,0,0,0,532,1231,17,5.400268998361760
CC,2021-10-19,5,15.6411111,0.0019444,173,0,25,192,41,0,0,0,0,41,258,8,2.620971322027879
CONSIG,2021-10-19,13,48.3841666,10.1922222,123,237,31,2,568,15,2,18,168,736,789,56,12.564789567279194
VEICULOS,2021-10-19,30,96.2102777,9.3130555,253,1064,919,97,475,0,0,0,0,475,1491,15,4.501374103673753
CARTAO,2021-10-19,8,12.0502777,18.2713888,33,137,6,29,98,18,1,0,76,174,210,21,5.738470840433134
CONSIG,2021-10-20,15,56.5094444,17.4408333,168,252,62,2,645,30,0,23,173,818,905,54,11.061486509328716
VEICULOS,2021-10-20,31,135.4727777,3.9669444,136,1579,1042,93,498,0,0,0,0,498,1633,16,3.571435686069050
CARTAO,2021-10-20,8,8.9619444,21.3827777,37,43,7,29,93,3,1,0,22,115,152,14,3.789785886251499
CARTAO,2021-10-21,8,13.7505555,16.7188888,59,156,13,23,114,17,5,11,60,174,226,21,5.710639073753305
CONSIG,2021-10-21,14,44.2086111,26.2255555,133,175,60,2,495,26,1,7,122,617,687,44,8.759953147738432
VEICULOS,2021-10-21,29,93.6369444,1.0708333,119,1197,736,109,397,0,0,0,0,397,1242,13,4.191841571148680
CONSIG,2021-10-22,15,25.3477777,38.4147222,74,134,22,2,209,13,0,13,92,301,338,20,4.720643011174280
CARTAO,2021-10-22,8,9.1008333,16.9938888,29,80,12,19,79,14,3,0,36,115,149,14,4.407021428343322
VEICULOS,2021-10-22,21,96.2927777,0.0022222,60,1118,586,72,362,0,0,0,0,362,1020,17,3.759281374941586
CARTAO,2021-10-23,4,0.7994444,8.5283333,3,8,1,6,8,2,0,0,0,8,15,2,0.857653365098273
CONSIG,2021-10-23,8,14.6352777,21.0966666,112,11,18,2,323,2,0,1,6,329,350,41,9.207447428771330
VEICULOS,2021-10-23,19,39.9213888,0.0008333,49,678,383,59,290,0,0,0,0,290,732,15,7.264124686891177
VEICULOS,2021-10-25,27,56.7950000,0.0030555,60,639,546,55,466,0,0,0,0,466,1067,17,8.204506218424927
CARTAO,2021-10-25,7,5.4588888,9.2225000,29,3,0,18,94,0,0,0,2,96,114,13,6.538890886042420
CC,2021-10-25,2,5.3488888,0.0002777,82,0,0,47,14,0,0,0,0,14,61,7,2.617230098146129
CONSIG,2021-10-25,15,31.6288888,30.1855555,128,89,46,2,467,17,1,15,48,515,579,34,8.331386047849298
VEICULOS,2021-10-26,23,63.6086111,5.5847222,209,773,554,79,577,0,0,0,0,577,1210,25,8.338953656421621
CARTAO,2021-10-26,8,16.1355555,16.9936111,71,118,11,47,165,13,5,1,60,225,289,28,6.791598541064017
CC,2021-10-26,2,6.4119444,0.0005555,87,0,0,69,16,0,0,0,0,16,85,8,2.495126705653021
CONSIG,2021-10-26,13,29.5938888,22.2588888,88,97,36,0,374,16,1,12,58,432,481,33,8.331279798575025
VEICULOS,2021-10-27,24,68.4952777,5.0144444,109,1218,560,62,562,0,0,0,0,562,1184,23,7.645247227313092
CC,2021-10-27,2,10.7213888,0.0016666,193,0,0,178,37,0,0,0,0,37,215,18,3.450509027795767
CARTAO,2021-10-27,8,8.7483333,22.7911111,48,85,5,31,77,17,4,2,28,105,147,13,3.329164538232548
CONSIG,2021-10-27,11,25.1802777,25.6694444,102,74,46,1,323,12,0,3,45,368,418,33,7.237011018305574
VEICULOS,2021-10-28,25,54.7633333,2.8041666,102,892,481,60,472,0,0,0,0,472,1013,18,8.199070656186216
CARTAO,2021-10-28,8,15.6666666,14.5375000,69,154,17,44,134,13,8,4,76,210,283,26,6.952683128707408
CC,2021-10-28,2,8.9852777,0.0011111,143,0,0,170,27,0,0,0,0,27,197,13,3.004543908998176
CONSIG,2021-10-28,11,22.4394444,26.8777777,76,61,34,1,273,7,0,5,40,313,353,28,6.346667267463473
CONSIG,2021-10-29,11,23.0255555,21.3041666,95,83,23,3,273,4,0,6,61,334,366,30,7.534448294660593
VEICULOS,2021-10-29,24,60.8400000,9.6402777,258,516,318,61,544,0,0,0,0,544,923,22,7.718471282352431
CARTAO,2021-10-29,8,15.4205555,11.8475000,78,141,13,50,144,16,2,2,55,199,266,24,7.297916772780523
CC,2021-10-29,2,5.3527777,0.0008333,99,0,0,119,8,0,0,0,0,8,127,4,1.494318476625331
CC,2021-10-30,2,8.6886111,0.0005555,65,0,0,98,8,0,0,0,0,8,106,4,0.920686678814616
CONSIG,2021-10-30,8,8.5611111,18.5158333,45,5,20,0,118,0,0,1,3,121,142,15,4.468746473527088
CARTAO,2021-10-30,5,11.0780555,6.0972222,29,144,1,24,95,9,2,1,45,140,168,28,8.151250990603419
VEICULOS,2021-10-30,16,35.1544444,6.9108333,114,620,120,58,253,0,0,0,0,253,431,15,6.014461650212963
CONSIG,2021-11-01,9,20.4202777,20.0100000,63,63,29,4,257,11,0,18,29,286,337,31,7.073906382043161
VEICULOS,2021-11-01,26,56.5230555,0.6319444,42,629,661,65,305,0,0,0,0,305,1031,11,5.336366022220278
CARTAO,2021-11-01,7,6.0191666,18.6638888,45,27,8,41,48,5,1,0,14,62,112,8,2.511844607749356
CC,2021-11-01,4,18.3900000,0.0022222,173,0,0,202,33,0,0,0,0,33,235,8,1.794236694254818
VEICULOS,2021-11-02,13,38.2694444,0.0019444,30,891,861,25,233,0,0,0,0,233,1119,17,6.088098884429186
CONSIG,2021-11-02,0,0.0000000,0.0000000,0,28,0,0,0,0,0,0,0,0,0,0,0.000000000000000
CARTAO,2021-11-02,7,1.6058333,13.0536111,11,8,1,16,10,1,0,0,5,15,32,2,1.023231136544511
VEICULOS,2021-11-03,23,53.4211111,7.4036111,140,701,505,31,470,0,0,0,0,470,1006,20,7.727121190670826
CARTAO,2021-11-03,8,20.3950000,8.8900000,170,2,17,82,305,1,0,0,1,306,405,38,10.449035342325423
CC,2021-11-03,9,29.9083333,0.0013888,270,0,9,383,47,0,0,0,0,47,439,5,1.571395402832598
CONSIG,2021-11-03,10,15.2419444,13.3841666,68,80,12,0,189,6,0,3,34,223,238,22,7.790090632095794
CARTAO,2021-11-04,8,21.7208333,9.3036111,106,181,8,94,205,23,2,5,93,298,407,37,9.605329131151064
CONSIG,2021-11-04,4,8.8402777,2.6813888,23,174,13,1,99,2,0,5,25,124,143,31,10.762331838565022
CC,2021-11-04,13,50.6141666,0.0050000,563,0,7,800,122,0,0,0,0,122,929,9,2.410154256457534
VEICULOS,2021-11-04,20,48.0905555,0.0013888,39,800,422,44,332,0,0,0,0,332,798,16,6.903443057569124
CARTAO,2021-11-05,8,16.8619444,11.5591666,68,174,8,45,136,22,0,6,100,236,295,29,8.303686617928770
CC,2021-11-05,6,21.7030555,0.0016666,78,0,0,335,16,0,0,0,0,16,351,2,0.737166771183946
VEICULOS,2021-11-05,16,40.1950000,1.6277777,74,550,295,21,297,0,0,0,0,297,613,18,7.101393445889401
CONSIG,2021-11-05,11,23.6552777,20.7472222,111,66,43,1,269,3,0,9,43,312,365,28,7.026631383368054
VEICULOS,2021-11-06,13,30.8061111,0.0008333,24,497,293,37,163,0,0,0,0,163,493,12,5.291014832514314
CONSIG,2021-11-06,4,5.0422222,8.3091666,66,13,9,0,67,4,0,1,6,73,83,18,5.467595963799022
CARTAO,2021-11-06,4,7.5352777,8.3005555,19,111,3,14,48,4,0,2,51,99,118,24,6.251644477187812
CC,2021-11-06,3,14.2708333,0.0013888,92,0,2,172,9,0,0,0,0,9,183,3,0.630595562475671
CC,2021-11-08,6,22.3775000,0.0047222,114,0,0,330,13,0,0,0,0,13,343,2,0.580818109610802
VEICULOS,2021-11-08,18,93.3955555,1.7825000,87,822,412,98,390,0,0,0,0,390,900,21,4.097583184732709
CARTAO,2021-11-08,8,6.4763888,19.0002777,48,14,5,44,59,2,0,1,7,66,116,8,2.590605783069475
CONSIG,2021-11-08,9,21.3169444,11.8155555,74,67,30,5,249,4,0,12,45,294,341,32,8.873462612238738
VEICULOS,2021-11-09,16,55.2191666,0.0013888,40,1097,612,131,333,0,0,0,0,333,1076,20,6.030363089429258
CONSIG,2021-11-09,7,8.2041666,2.3497222,24,190,8,0,107,3,0,2,19,126,136,18,11.938727167447492
CARTAO,2021-11-09,8,4.9566666,15.6866666,38,6,1,32,67,2,1,0,1,68,102,8,3.294041659938640
CC,2021-11-09,12,43.6438888,0.0061111,276,0,5,811,56,0,0,0,0,56,872,4,1.282932416953036
CARTAO,2021-11-10,8,22.9194444,5.0861111,148,145,9,65,271,16,1,2,62,333,410,41,11.890497917079944
CONSIG,2021-11-10,8,21.4572222,5.2694444,61,117,24,1,265,4,0,7,47,312,344,39,11.673734098278873
CC,2021-11-10,14,32.7552777,0.0038888,236,0,1,672,53,0,0,0,0,53,726,3,1.617867772379232
VEICULOS,2021-11-10,17,54.4797222,4.5222222,127,543,177,59,553,0,0,0,0,553,789,32,9.372572467009091
CC,2021-11-11,13,38.6855555,0.0069444,236,0,11,774,55,0,0,0,0,55,840,4,1.421464108031272
CARTAO,2021-11-11,8,21.5647222,8.6636111,104,190,19,90,175,21,1,2,92,267,379,33,8.832772784914815
CONSIG,2021-11-11,8,14.1330555,4.4408333,36,168,20,2,174,6,0,0,39,213,235,26,11.467711542487961
VEICULOS,2021-11-11,19,50.2830555,4.3822222,108,744,252,158,474,0,0,0,0,474,884,24,8.670952005894459
CC,2021-11-12,11,34.9480555,0.0050000,445,0,2,849,84,0,0,0,0,84,935,7,2.403223371029397
VEICULOS,2021-11-12,18,47.7911111,0.0008333,45,794,453,68,303,0,0,0,0,303,824,16,6.339980587151484
CARTAO,2021-11-12,8,15.1269444,10.2297222,100,20,11,73,202,1,1,0,13,215,300,26,8.479032470093335
CONSIG,2021-11-12,10,18.5472222,5.9322222,47,164,34,2,207,9,0,5,45,252,293,25,10.294351269772825
CARTAO,2021-11-13,4,8.2241666,8.2205555,28,75,7,36,76,2,2,0,24,100,145,25,6.080978361851996
CC,2021-11-13,8,16.1888888,0.0011111,117,0,1,280,22,0,0,0,0,22,303,2,1.358863495985176
CONSIG,2021-11-13,8,11.5330555,15.2769444,59,18,17,1,137,6,0,2,8,145,165,18,5.408429690414025
VEICULOS,2021-11-13,8,16.9338888,0.0013888,11,218,305,16,86,0,0,0,0,86,407,10,5.078157035773451
CONSIG,2021-11-15,0,0.0000000,0.0000000,0,60,0,0,0,0,0,0,0,0,0,0,0.000000000000000
CARTAO,2021-11-15,1,1.6633333,2.0638888,42,4,1,8,18,0,0,0,3,21,30,21,5.634222685944254
VEICULOS,2021-11-16,17,36.7891666,0.0019444,51,831,328,41,315,0,0,0,0,315,684,18,8.561850688572119
CONSIG,2021-11-16,9,19.0369444,11.4811111,60,78,18,1,1414,7,0,9,48,1462,1490,162,47.906066536203522
CC,2021-11-16,7,18.8205555,0.0025000,181,0,1,364,31,0,0,0,0,31,396,4,1.646916458834467
CARTAO,2021-11-16,7,2.0450000,7.8108333,10,5,2,32,14,0,0,0,3,17,51,2,1.724866830134438
VEICULOS,2021-11-17,19,48.1919444,4.0641666,151,740,371,414,442,0,0,0,0,442,1227,23,8.458340863907464
CONSIG,2021-11-17,11,19.3055555,20.0108333,62,72,18,1,3157,12,1,6,42,3199,3225,290,81.365560022326002
CARTAO,2021-11-17,7,4.2552777,5.6708333,29,0,1,15,74,0,0,0,0,74,90,10,7.455084793194157
CC,2021-11-17,6,16.6116666,0.0027777,159,0,1,316,22,0,0,0,0,22,339,3,1.324149000200629
CONSIG,2021-11-18,8,18.7527777,9.9580555,54,73,13,0,1522,4,1,4,55,1577,1595,197,54.927002002728355
VEICULOS,2021-11-18,20,63.5133333,2.8430555,93,857,417,97,353,0,0,0,0,353,867,17,5.319759045222975
CARTAO,2021-11-18,8,23.2408333,3.9850000,107,251,7,77,252,18,0,3,117,369,456,46,13.553304153530654
CC,2021-11-18,5,14.7877777,0.0022222,163,0,0,308,37,0,0,0,0,37,345,7,2.501690331304936
CONSIG,2021-11-19,7,16.4230555,12.8750000,31,78,15,0,1614,7,1,6,52,1666,1688,238,56.863841931110332
CC,2021-11-19,6,17.3661111,0.0038888,168,0,0,305,36,0,0,0,0,36,341,6,2.072538860103627
CARTAO,2021-11-19,8,24.3925000,3.7750000,112,209,5,89,229,15,1,2,115,344,441,43,12.212656430283128
VEICULOS,2021-11-19,19,39.8733333,0.0016666,32,709,559,60,312,0,0,0,0,312,931,16,7.824451410658307
CARTAO,2021-11-20,6,9.6716666,7.3736111,47,10,10,64,141,1,0,0,1,142,216,23,8.330753059661359
CONSIG,2021-11-20,6,4.0886111,4.0427777,18,13,4,0,2801,4,0,1,7,2808,2813,468,345.328459672735968
CC,2021-11-20,6,21.8705555,0.0025000,235,0,3,516,58,0,0,0,0,58,577,9,2.651664274919675
VEICULOS,2021-11-20,14,27.0269444,0.0002777,15,565,265,61,145,0,0,0,0,145,471,10,5.364961253057617
CC,2021-11-22,6,6.9594444,0.0008333,140,0,0,165,23,0,0,0,0,23,188,3,3.304465817935108
CARTAO,2021-11-22,7,8.8563888,9.7938888,56,5,8,82,134,2,0,0,2,136,226,19,7.292116590458885
CONSIG,2021-11-22,7,11.0852777,13.7766666,21,80,6,2,2044,15,0,6,43,2087,2101,298,83.943554964638057
VEICULOS,2021-11-22,17,35.5994444,1.1886111,81,442,372,65,278,0,0,0,0,278,715,16,7.556800591979583
VEICULOS,2021-11-23,22,41.6636111,6.2472222,121,560,381,52,408,0,0,0,0,408,841,18,8.515819317134260
CONSIG,2021-11-23,8,7.8916666,7.1597222,21,97,6,0,1043,8,1,6,25,1068,1081,133,70.956906893051583
CARTAO,2021-11-23,8,11.6619444,12.5122222,73,43,3,56,166,6,1,0,21,187,247,23,7.735530352649178
CC,2021-11-23,13,38.0616666,0.0058333,486,0,68,931,92,0,0,0,0,92,1091,7,2.416759703158863
CONSIG,2021-11-24,7,10.2525000,9.7147222,34,69,11,3,2699,1,0,3,23,2722,2739,388,136.323418936590523
CARTAO,2021-11-24,7,24.4955555,8.9038888,132,214,19,89,230,29,6,0,117,347,461,49,10.389394367837123
CC,2021-11-24,10,29.7747222,4.5072222,376,0,130,483,129,0,0,0,0,129,742,12,3.762913746303124
VEICULOS,2021-11-24,19,57.9436111,3.6077777,98,750,269,52,382,0,0,0,0,382,703,20,6.206196267797910
CC,2021-11-25,10,15.4536111,19.2036111,598,0,171,53,208,0,0,0,0,208,432,20,6.001635060833881
CARTAO,2021-11-25,8,13.7397222,17.9991666,89,20,14,82,176,4,0,0,12,188,284,23,5.923332749868720
CONSIG,2021-11-25,5,7.3838888,8.5430555,24,77,9,0,418,7,2,7,20,438,456,87,27.500566824214730
VEICULOS,2021-11-25,18,47.1558333,0.0086111,43,899,363,59,247,0,0,0,0,247,669,13,5.236995853750471
CARTAO,2021-11-26,8,13.7208333,11.5411111,77,106,13,63,114,12,0,4,55,169,249,21,6.689904665559746
CC,2021-11-26,7,13.2922222,18.8325000,428,0,131,48,152,0,0,0,0,152,331,21,4.731558422467985
CONSIG,2021-11-26,6,8.5250000,11.9594444,10,41,8,3,412,3,0,6,18,430,447,71,20.991538294640920
VEICULOS,2021-11-26,20,50.9916666,1.0761111,62,882,247,55,329,0,0,0,0,329,631,16,6.318687181238130
CARTAO,2021-11-27,6,3.5669444,10.8144444,20,16,2,24,30,1,0,0,10,40,66,6,2.781372530083248
CC,2021-11-27,12,14.4930555,22.8772222,476,0,118,48,148,0,0,0,0,148,314,12,3.960366601502977
VEICULOS,2021-11-27,17,58.0738888,0.0011111,38,1017,337,30,406,0,0,0,0,406,773,23,6.990959965561774
CONSIG,2021-11-27,3,0.1677777,0.8152777,0,4,0,0,14,0,0,3,0,14,17,4,14.241311104831873
VEICULOS,2021-11-28,0,0.0000000,0.0000000,1,0,86,0,67,0,0,0,0,67,153,0,0.000000000000000
CONSIG,2021-11-28,0,0.0000000,0.0000000,0,0,0,0,2552,0,0,0,0,2552,2552,0,0.000000000000000
CARTAO,2021-11-29,8,10.6005555,11.5080555,81,5,9,48,152,0,0,0,4,156,213,19,7.056074179241371
CC,2021-11-29,11,5.4119444,22.2430555,240,0,64,18,59,0,0,0,0,59,141,5,2.133429759537154
CONSIG,2021-11-29,7,9.2352777,14.9280555,12,60,7,0,313,10,0,5,35,348,360,49,14.401986480893916
VEICULOS,2021-11-29,20,40.3058333,5.7686111,134,458,326,53,396,0,0,0,0,396,775,19,8.594786215544891
VEICULOS,2021-11-30,16,44.3425000,1.4825000,79,811,308,54,366,0,0,0,0,366,728,22,7.986906710310966
CONSIG,2021-11-30,7,6.9450000,19.0380555,11,43,2,0,286,2,2,2,24,310,316,44,11.930852371737992
CARTAO,2021-11-30,9,18.3236111,12.3577777,109,117,12,76,220,14,4,1,54,274,367,30,8.930495323802884
CC,2021-11-30,6,5.1413888,23.0186111,262,0,63,15,83,0,0,0,0,83,161,13,2.947443181818182
CONSIG,2021-12-01,8,7.9580555,18.4286111,11,40,8,2,360,5,0,7,20,380,397,47,14.401212733703891
CARTAO,2021-12-01,8,25.2194444,7.7280555,109,191,16,89,250,30,5,1,101,351,462,43,10.653312087411791
CC,2021-12-01,5,8.0802777,16.2741666,293,0,120,25,133,0,0,0,0,133,278,26,5.461015557279073
VEICULOS,2021-12-01,14,36.6686111,1.8411111,61,758,232,23,340,0,0,0,0,340,595,24,8.828939301042305
CARTAO,2021-12-02,8,19.2213888,11.5297222,93,130,20,70,196,13,6,2,66,262,360,32,8.520017343546755
CONSIG,2021-12-02,7,6.5441666,12.5477777,22,34,7,1,399,1,0,2,12,411,421,58,21.527403937088068
CC,2021-12-02,6,7.6825000,13.3863888,237,0,89,24,113,0,0,0,0,113,226,18,5.363358295538445
VEICULOS,2021-12-02,12,25.6852777,0.2863888,20,420,110,23,225,0,0,0,0,225,358,18,8.663286915228133
CARTAO,2021-12-03,7,10.0494444,10.3044444,34,45,8,53,117,4,1,0,30,147,209,21,7.222207058438191
CONSIG,2021-12-03,4,2.6263888,1.9797222,3,60,3,1,259,2,1,2,5,264,271,66,57.315161017971294
CC,2021-12-03,12,26.3444444,20.1316666,991,0,181,245,323,0,0,0,0,323,749,26,6.949806949806950
VEICULOS,2021-12-03,9,16.2394444,0.0008333,29,296,145,18,155,0,0,0,0,155,318,17,9.544171726674078
CARTAO,2021-12-04,6,7.0447222,5.9302777,40,4,3,37,61,0,0,0,4,65,105,10,5.009633911368015
CONSIG,2021-12-04,1,0.1213888,0.8683333,0,4,1,0,29,0,0,1,0,29,31,29,29.301150715689026
CC,2021-12-04,11,23.4313888,24.9955555,1163,0,16,302,301,0,0,0,0,301,619,27,6.215548047746606
VEICULOS,2021-12-04,11,30.2972222,0.0005555,22,249,260,73,131,0,0,0,0,131,464,11,4.323749449904650
CONSIG,2021-12-05,0,0.0000000,0.0000000,0,0,0,0,2,0,0,0,0,2,2,0,0.000000000000000
CC,2021-12-06,10,19.7322222,21.3836111,1087,0,29,306,205,0,0,0,0,205,540,20,4.985913780173899
CARTAO,2021-12-06,8,3.9802777,11.4783333,19,2,4,44,46,1,0,0,0,46,94,5,2.975687768413865
CONSIG,2021-12-06,5,2.8594444,3.0697222,6,11,0,1,293,0,0,1,0,293,295,58,49.416725228390724
VEICULOS,2021-12-06,9,13.2908333,0.0002777,20,266,83,14,128,0,0,0,0,128,225,14,9.630496572479518
CC,2021-12-07,10,7.4666666,27.1413888,503,0,14,125,85,0,0,0,0,85,224,8,2.456075576495517
CONSIG,2021-12-07,6,5.8102777,12.5847222,19,18,6,1,2590,3,0,3,2,2592,2602,432,140.907855395487904
VEICULOS,2021-12-07,7,11.4330555,0.0005555,23,315,115,9,85,0,0,0,0,85,209,12,7.434221714729963
CARTAO,2021-12-07,7,16.0883333,6.3997222,91,3,11,60,251,2,0,0,1,252,323,36,11.205948837036946
CARTAO,2021-12-08,4,7.8025000,3.3294444,66,0,8,53,117,0,0,0,0,117,178,29,10.510293200249532
CC,2021-12-08,11,14.5844444,35.1247222,673,0,18,188,164,0,0,0,0,164,370,14,3.299190290187926
CONSIG,2021-12-08,3,0.3319444,0.2252777,0,10,0,0,224,0,0,0,0,224,224,74,401.994017946161515
VEICULOS,2021-12-08,12,10.9636111,2.8772222,37,132,85,15,180,0,0,0,0,180,280,15,13.004997290625564
CARTAO,2021-12-09,4,3.8361111,1.4700000,24,0,1,15,65,0,0,0,0,65,81,16,12.250026175269605
CC,2021-12-09,11,10.7144444,6.6144444,136,0,33,227,109,0,0,0,0,109,369,9,6.290074378045653
CONSIG,2021-12-09,1,0.0638888,0.2086111,0,2,0,0,280,1,0,1,0,280,281,280,1027.522935779816514
VEICULOS,2021-12-09,8,13.7980555,0.0002777,15,224,39,18,130,0,0,0,0,130,187,16,9.421427708660466
CARTAO,2021-12-10,8,10.8125000,14.2702777,96,0,7,44,150,0,0,0,0,150,201,18,5.980198896985537
CC,2021-12-10,11,11.4880555,36.8050000,659,0,5,192,104,0,0,0,0,104,301,9,2.153518736878433
CONSIG,2021-12-10,3,3.4986111,6.9041666,8,0,3,1,408,0,0,0,0,408,412,136,39.220293724966622
VEICULOS,2021-12-10,9,10.3258333,3.9122222,74,1,79,25,196,0,0,0,0,196,300,21,13.765924654193574
CARTAO,2021-12-11,6,7.2286111,11.0816666,44,0,2,33,104,0,0,0,0,104,139,17,5.679870139721164
CONSIG,2021-12-11,0,0.0000000,0.0000000,0,0,0,0,30,0,0,0,0,30,30,0,0.000000000000000
VEICULOS,2021-12-11,17,35.3730555,4.9405555,184,266,411,59,254,0,0,0,0,254,724,14,6.300601533807854
CC,2021-12-11,4,0.7136111,13.6913888,124,0,1,12,3,0,0,0,0,3,16,0,0.208261020479000
CARTAO,2021-12-13,9,3.7083333,13.3611111,27,0,2,44,41,0,0,0,0,41,87,4,2.401952807160293
CONSIG,2021-12-13,4,5.2163888,9.2608333,9,2,9,0,298,2,0,0,0,298,307,74,20.584059250163091
VEICULOS,2021-12-13,18,39.0133333,2.9427777,116,467,177,56,419,0,0,0,0,419,652,23,9.986626236411064
CC,2021-12-13,11,13.5577777,23.4658333,388,0,29,251,198,0,0,0,0,198,478,18,5.347938627752560
VEICULOS,2021-12-14,9,21.3641666,3.4927777,113,341,193,22,276,0,0,0,0,276,491,30,11.103536905626641
CC,2021-12-14,9,6.3119444,28.8855555,416,0,7,91,63,0,0,0,0,63,161,7,1.789899850841679
CARTAO,2021-12-14,8,10.2336111,7.2894444,43,0,4,42,189,0,0,0,0,189,235,23,10.785790149485598
CONSIG,2021-12-14,6,6.3077777,13.7822222,24,4,5,0,543,2,0,1,1,544,550,90,27.078148332503733
CC,2021-12-15,8,14.9852777,20.4000000,258,0,28,194,216,0,0,0,0,216,438,27,6.104233556014350
CONSIG,2021-12-15,6,7.9605555,15.6916666,22,5,12,2,614,0,0,3,2,616,633,102,26.044064452482736
VEICULOS,2021-12-15,13,33.2511111,2.8627777,101,392,291,75,345,0,0,0,0,345,711,26,9.553111299130836
CARTAO,2021-12-15,8,13.3702777,13.3700000,147,0,15,68,199,0,0,0,0,199,282,24,7.441957097595180
CARTAO,2021-12-16,7,15.8002777,4.3708333,4018,0,9,50,285,0,0,0,0,285,344,40,14.129117549851272
CC,2021-12-16,6,10.5325000,18.9050000,352,0,23,168,141,0,0,0,0,141,332,23,4.789808917197452
VEICULOS,2021-12-16,15,32.9700000,4.2783333,107,362,157,107,371,0,0,0,0,371,635,24,9.960177189135979
CONSIG,2021-12-16,5,7.8472222,13.3141666,23,4,12,0,3176,0,1,1,2,3178,3192,635,150.179178535330332
CC,2021-12-17,11,18.6561111,25.8458333,609,0,49,286,202,0,0,0,0,202,537,18,4.539127503791969
CARTAO,2021-12-17,8,11.9761111,11.4055555,66,114,6,53,126,14,0,1,53,179,239,22,7.655570603749376
CONSIG,2021-12-17,5,4.9869444,9.4250000,10,56,5,1,369,4,0,6,19,388,400,77,26.922113216275080
VEICULOS,2021-12-17,10,21.7463888,4.8405555,114,218,133,47,239,0,0,0,0,239,419,23,8.989374484134861
VEICULOS,2021-12-18,9,17.1413888,0.4269444,23,58,182,50,116,0,0,0,0,116,348,12,6.602789109192676
CC,2021-12-18,10,9.4163888,34.9283333,708,0,24,114,87,0,0,0,0,87,225,8,1.961902017652107
CARTAO,2021-12-18,6,7.3308333,7.6038888,39,67,5,29,67,7,1,0,34,101,136,16,6.762763879847484
CONSIG,2021-12-18,0,0.0000000,0.0000000,0,21,0,0,22,0,0,0,0,22,22,0,0.000000000000000
CONSIG,2021-12-19,0,0.0000000,0.0000000,0,0,0,0,1,0,0,0,0,1,1,0,0.000000000000000
CARTAO,2021-12-20,9,5.6850000,11.8655555,21,13,4,28,87,1,0,0,8,95,127,10,5.412934063499098
CC,2021-12-20,12,4.2569444,34.0419444,361,0,14,67,37,0,0,0,0,37,118,3,0.966085468101773
CONSIG,2021-12-20,5,5.7872222,7.6616666,9,89,7,1,383,3,0,1,11,394,403,78,29.296100462656973
VEICULOS,2021-12-20,9,27.0766666,2.6538888,31,99,263,31,100,0,0,0,0,100,394,11,3.363542931888256
CARTAO,2021-12-21,8,11.3172222,16.7541666,51,59,9,40,143,5,0,1,31,174,224,21,6.198482044786606
CONSIG,2021-12-21,5,8.5725000,9.2405555,17,57,4,0,510,6,1,5,25,535,545,107,30.034150981645797
CC,2021-12-21,7,8.2325000,19.5147222,239,0,15,147,105,0,0,0,0,105,267,15,3.784162578836720
VEICULOS,2021-12-21,14,70.0919444,5.8986111,152,13,200,93,514,0,0,0,0,514,807,36,6.763998450099793
CONSIG,2021-12-22,5,14.8888888,6.0266666,31,86,9,0,947,4,2,7,50,997,1015,199,47.667870803229919
VEICULOS,2021-12-22,13,33.2233333,3.7886111,90,67,272,103,324,0,0,0,0,324,699,24,8.753930788108944
CC,2021-12-22,5,9.2594444,15.2086111,434,0,17,153,129,0,0,0,0,129,299,25,5.272180280410967
CARTAO,2021-12-22,9,14.7108333,16.2800000,95,15,15,64,232,2,0,0,11,243,322,27,7.841028261044933
CONSIG,2021-12-23,4,9.3227777,0.9097222,12,308,5,1,758,9,0,2,47,805,813,201,78.670901539213291
CARTAO,2021-12-23,9,9.4294444,14.6619444,64,46,4,39,122,5,1,0,26,148,192,16,6.143273876096807
VEICULOS,2021-12-23,9,18.8211111,0.0000000,12,104,163,6,116,0,0,0,0,116,285,12,6.163291811795265
CC,2021-12-23,8,12.1911111,18.9019444,378,0,26,198,167,0,0,0,0,167,391,20,5.370974226113369
CARTAO,2021-12-24,7,8.3811111,9.0994444,33,52,4,41,103,1,0,1,29,132,178,18,7.551247417765771
CONSIG,2021-12-24,2,1.0502777,0.0408333,0,133,0,0,126,3,0,2,8,134,136,67,122.810590631364562
CC,2021-12-24,6,10.2219444,18.7500000,565,0,38,179,139,0,0,0,0,139,356,23,4.797744944822098
VEICULOS,2021-12-24,9,10.0119444,3.6577777,62,32,56,6,163,0,0,0,0,163,225,18,11.924163296823881
CARTAO,2021-12-25,0,0.0000000,0.0000000,0,28,0,0,0,0,0,0,0,0,0,0,0.000000000000000
CONSIG,2021-12-25,0,0.0000000,0.0000000,0,3,0,0,2679,0,0,0,0,2679,2679,0,0.000000000000000
CONSIG,2021-12-27,1,0.2691666,0.1983333,0,237,0,0,467,0,0,0,2,469,469,469,1003.208556149732620
CARTAO,2021-12-27,9,6.0580555,12.2361111,43,12,3,30,86,0,0,0,9,95,128,10,5.192912130460529
CC,2021-12-27,12,13.2055555,37.3205555,749,0,44,226,154,0,0,0,0,154,424,12,3.047929013601328
VEICULOS,2021-12-27,12,27.1900000,2.4650000,86,112,151,24,347,0,0,0,0,347,522,28,11.701230821109425
CARTAO,2021-12-28,9,8.3986111,19.2463888,41,39,6,47,106,2,0,1,20,126,180,14,4.557786218122626
CONSIG,2021-12-28,0,0.0000000,0.0000000,0,399,0,0,868,0,0,0,0,868,868,0,0.000000000000000
CC,2021-12-28,10,15.1902777,32.5838888,741,0,50,244,202,0,0,0,0,202,496,20,4.228226552006838
VEICULOS,2021-12-28,15,28.7447222,7.1947222,177,22,176,37,374,0,0,0,0,374,587,24,10.406393470498215
CONSIG,2021-12-29,0,0.0000000,0.0000000,0,132,0,0,303,0,0,0,0,303,303,0,0.000000000000000
VEICULOS,2021-12-29,10,21.5563888,0.5730555,39,232,114,13,239,0,0,0,0,239,366,23,10.800090377325333
CC,2021-12-29,10,9.5555555,36.0875000,596,0,25,137,108,0,0,0,0,108,270,10,2.366186897118340
CARTAO,2021-12-29,9,4.4588888,13.8827777,35,35,1,18,54,4,1,0,10,64,84,7,3.489323034984098
CARTAO,2021-12-30,9,4.7319444,13.1641666,25,10,1,35,66,0,0,0,2,68,104,7,3.799708192344706
CONSIG,2021-12-30,0,0.0000000,0.0000000,0,81,0,0,168,0,0,0,0,168,168,0,0.000000000000000
VEICULOS,2021-12-30,13,20.1405555,2.4569444,59,122,113,56,231,0,0,0,0,231,400,17,10.222369731164952
CC,2021-12-30,11,13.7444444,33.9966666,472,0,41,207,189,0,0,0,0,189,437,17,3.958852142341797
CC,2021-12-31,6,6.3336111,16.9658333,228,0,14,84,43,0,0,0,0,43,141,7,1.845537566465581
VEICULOS,2021-12-31,5,11.0172222,2.5550000,34,55,57,13,331,0,0,0,0,331,401,66,24.388047482603357
CARTAO,2021-12-31,4,6.1094444,6.6741666,35,22,4,37,95,0,0,0,11,106,147,26,8.291866756480737
CONSIG,2021-12-31,0,0.0000000,0.0000000,0,0,0,0,7,0,0,0,0,7,7,0,0.000000000000000
CARTAO,2022-01-01,0,0.0000000,0.0000000,0,1,0,0,0,0,0,0,0,0,0,0,0.000000000000000
CONSIG,2022-01-01,0,0.0000000,0.0000000,0,0,0,0,2,0,0,0,0,2,2,0,0.000000000000000
CONSIG,2022-01-02,0,0.0000000,0.0000000,0,0,0,0,1408,0,0,0,0,1408,1408,0,0.000000000000000
CARTAO,2022-01-03,7,6.0575000,12.9816666,41,3,3,38,91,1,1,0,1,92,134,13,4.832144264017158
CC,2022-01-03,11,13.2761111,35.6936111,357,0,28,234,193,0,0,0,0,193,455,17,3.941210838897051
CONSIG,2022-01-03,0,0.0000000,0.0000000,0,36,0,0,35,0,0,0,0,35,35,0,0.000000000000000
VEICULOS,2022-01-03,8,14.0233333,0.0000000,14,90,65,7,87,0,0,0,0,87,159,10,6.203945804611362
CARTAO,2022-01-04,9,7.3155555,16.9877777,35,32,7,45,103,3,0,0,15,118,170,13,4.855301056096557
CC,2022-01-04,11,14.8169444,25.8405555,285,0,133,267,67,0,0,0,0,67,467,6,1.647912439279346
CONSIG,2022-01-04,4,2.0369444,6.1225000,1,33,0,0,78,2,0,1,3,81,82,20,9.927146456049568
VEICULOS,2022-01-04,17,22.4669444,3.9863888,69,254,95,31,435,0,0,0,0,435,561,25,16.444052419354839
CARTAO,2022-01-05,9,6.5852777,14.2841666,36,22,7,51,92,2,0,0,13,105,163,11,5.031279116198589
CONSIG,2022-01-05,4,2.3766666,11.5997222,1,15,6,0,146,2,0,1,9,155,162,38,11.090132167345722
VEICULOS,2022-01-05,18,29.9330555,6.5275000,159,159,125,67,376,0,0,0,0,376,568,20,10.312514284843590
CC,2022-01-05,6,4.0119444,24.5458333,159,0,9,42,30,0,0,0,0,30,81,5,1.050501906466423
CARTAO,2022-01-06,8,7.2447222,13.8758333,43,29,4,47,96,0,0,0,20,116,167,14,5.492279769576768
CC,2022-01-06,9,8.4297222,25.0158333,180,0,34,130,137,0,0,0,0,137,301,15,4.096209428258197
CONSIG,2022-01-06,4,1.6144444,6.7950000,2,23,2,0,261,4,1,3,5,266,272,66,31.631102596287243
VEICULOS,2022-01-06,19,35.8061111,7.5313888,215,170,206,46,476,0,0,0,0,476,728,25,10.983559273146813
CARTAO,2022-01-07,9,12.5219444,10.6952777,66,89,7,60,150,10,0,0,38,188,255,20,8.097437247254193
CC,2022-01-07,9,21.2997222,21.8961111,420,0,40,338,258,0,0,0,0,258,636,28,5.972798302305392
CONSIG,2022-01-07,2,1.1233333,3.7955555,3,56,0,0,77,0,0,3,4,81,84,40,16.467133498983510
VEICULOS,2022-01-07,12,21.3722222,4.6322222,112,200,121,55,289,0,0,0,0,289,465,24,11.113484874380448
VEICULOS,2022-01-08,18,33.3150000,7.6183333,100,51,553,54,176,0,0,0,0,176,783,9,4.299674267100977
CARTAO,2022-01-08,7,3.0566666,8.5327777,17,14,2,30,32,4,1,0,9,41,74,5,3.537701931834524
CC,2022-01-08,10,25.9166666,21.7763888,744,0,86,433,361,0,0,0,0,361,880,36,7.569236145490550
CONSIG,2022-01-08,0,0.0000000,0.0000000,0,9,0,0,2,0,0,0,0,2,2,0,0.000000000000000
CARTAO,2022-01-10,9,20.1361111,14.3233333,135,0,8,128,332,0,0,0,0,332,468,36,9.634514001966885
CC,2022-01-10,9,16.9366666,23.5502777,577,0,53,339,241,0,0,0,0,241,633,26,5.952536139907926
CONSIG,2022-01-10,2,1.1852777,4.5963888,1,58,3,0,79,3,0,0,3,82,85,41,14.182761602767368
VEICULOS,2022-01-10,21,44.2647222,9.2113888,238,63,321,87,452,0,0,0,0,452,860,21,8.452372295001922
CARTAO,2022-01-11,9,18.3891666,14.1613888,133,19,15,143,280,2,0,0,10,290,448,32,8.909218139304671
CC,2022-01-11,10,15.6797222,31.5894444,612,0,39,254,215,0,0,0,0,215,508,21,4.548419512367117
CONSIG,2022-01-11,2,1.5658333,5.5697222,2,58,0,0,1027,0,0,0,6,1033,1033,516,144.767985051385861
VEICULOS,2022-01-11,17,38.6380555,9.7205555,253,144,477,43,368,0,0,0,0,368,888,21,7.609813258583155
VEICULOS,2022-01-12,15,28.3911111,1.2866666,40,162,327,33,182,0,0,0,0,182,542,12,6.132534631224261
CONSIG,2022-01-12,4,1.8080555,7.5019444,5,23,1,0,51,1,1,0,3,54,56,13,5.800214822771214
CARTAO,2022-01-12,7,13.2113888,9.3183333,103,3,12,86,203,0,0,0,2,205,303,29,9.099091323806823
CC,2022-01-12,9,15.7294444,15.4241666,415,0,34,247,232,0,0,0,0,232,513,25,7.446969764518114
VEICULOS,2022-01-13,13,37.0383333,8.3588888,215,114,408,49,420,0,0,0,0,420,877,32,9.251667380529890
CONSIG,2022-01-13,6,3.8541666,14.5713888,7,17,2,2,78,5,0,2,7,85,91,14,4.613158053428210
CARTAO,2022-01-13,9,13.5947222,16.7269444,96,10,10,112,217,1,0,0,5,222,344,24,7.321497279173308
CC,2022-01-13,6,11.3694444,14.7513888,337,0,20,160,126,0,0,0,0,126,306,21,4.823735843037167
VEICULOS,2022-01-14,10,28.6686111,8.7180555,168,256,192,72,329,0,0,0,0,329,593,32,8.799928673323823
CONSIG,2022-01-14,6,2.6913888,15.5258333,7,19,2,0,52,2,1,1,9,61,65,10,3.348479765789393
CC,2022-01-14,6,13.5802777,15.8302777,413,0,37,213,164,0,0,0,0,164,414,27,5.576229244980071
CARTAO,2022-01-14,9,7.2188888,13.8755555,46,6,13,65,108,1,0,0,4,112,190,12,5.309454832762707
CONSIG,2022-01-15,0,0.0000000,0.0000000,0,3,0,0,2,0,0,0,0,2,2,0,0.000000000000000
VEICULOS,2022-01-15,12,21.5025000,0.0958333,15,240,166,50,100,0,0,0,0,100,316,8,4.629986881703835
CC,2022-01-15,10,19.3722222,26.4855555,753,0,72,301,218,0,0,0,0,218,591,21,4.753828261290948
CARTAO,2022-01-15,6,5.6002777,7.1030555,30,17,5,31,68,2,0,0,12,80,116,13,6.297559695617948
CARTAO,2022-01-16,0,0.0000000,0.0000000,0,0,0,9,0,0,0,0,0,0,9,0,0.000000000000000
